{ name: "ACTEA  ‐  ARCADIA",                                       url: "ACTEA  ‐  ARCADIA.jpg" },
{ name: "ACTEA ‐ E.A.",                                            url: "ACTEA ‐ E.A..jpg" },
{ name: "ACTEA",                                                   url: "ACTEA.jpg" },
{ name: "AGRARIA 2.0",                                             url: "AGRARIA 2.0.jpg" },
{ name: "AGROINFORMAZIONE",                                        url: "AGROINFORMAZIONE.jpg" },
{ name: "ALGORITMO",                                               url: "ALGORITMO.jpg" },
{ name: "ALIMENTAZIONE",                                           url: "ALIMENTAZIONE.jpg" },
{ name: "ALLEANZA - AZIONE UNIVERSITARIA - CONTROCAMPUS",          url: "ALLEANZA - AZIONE UNIVERSITARIA - CONTROCAMPUS.jpg" },
{ name: "ALLEANZA ‐ CONTROCAMPUS ‐ AZIONE",                        url: "ALLEANZA ‐ CONTROCAMPUS ‐ AZIONE.jpg" },
{ name: "ALLEANZA  ‐  CONTROCAMPUS",                               url: "ALLEANZA  ‐  CONTROCAMPUS.jpg" },
{ name: "ALLEANZA UNIVERSITARIA",                                  url: "ALLEANZA UNIVERSITARIA.jpg" },
{ name: "ALTERNATIVA",                                             url: "ALTERNATIVA.jpg" },
{ name: "ARCADIA ‐ ECONOMIA ATTIVA ‐ O.I.",                        url: "ARCADIA ‐ ECONOMIA ATTIVA ‐ O.I..jpg" },
{ name: "ARCADIA",                                                 url: "ARCADIA.jpg" },
{ name: "ARCADIA - NIKE",                                          url: "ARCADIA - NIKE.jpg" },
{ name: "ARCADIA‐ORIZZONTE ITALIA",                                url: "ARCADIA‐ORIZZONTE ITALIA.jpg" },
{ name: "ARCADIA REVOLUTION",                                      url: "ARCADIA REVOLUTION.jpg" },
{ name: "ARCHÈ",                                                   url: "ARCHÈ.jpg" },
{ name: "ARCHÈ - NIKE - PARTECIPA",                                url: "ARCHÈ - NIKE - PARTECIPA.jpg" },
{ name: "ARES",                                                    url: "ARES.jpg" },
{ name: "ASTRA",                                                   url: "ASTRA.jpg" },
{ name: "AZIONE UNIVERSITARIA AD MAIORA",                          url: "AZIONE UNIVERSITARIA AD MAIORA.jpg" },
{ name: "AZIONE UNIVERSITARIA CONTROCAMPUS",                       url: "AZIONE UNIVERSITARIA CONTROCAMPUS.jpg" },
{ name: "AZIONE UNIVERSITARIA",                                    url: "AZIONE UNIVERSITARIA.jpg" },
{ name: "CITING",                                                  url: "CITING.jpg" },
{ name: "CONTROCAMPUS",                                            url: "CONTROCAMPUS.jpg" },
{ name: "CONTROCAMPUS ‐ POPOLO DEGLI STUDENTI ‐ ARES",             url: "CONTROCAMPUS ‐ POPOLO DEGLI STUDENTI ‐ ARES.jpg" },
{ name: "CONTROCAMPUS ‐ POPOLO DEGLI STUDENTI",                    url: "CONTROCAMPUS ‐ POPOLO DEGLI STUDENTI.jpg" },
{ name: "CREAZIONE GIOVANE",                                       url: "CREAZIONE GIOVANE.jpg" },
{ name: "CREDIAMOCI ‐ ARES",                                       url: "CREDIAMOCI ‐ ARES.jpg" },
{ name: "CREDIAMOCI",                                              url: "CREDIAMOCI.jpg" },
{ name: "DESTRA UNIVERSITARIA",                                    url: "DESTRA UNIVERSITARIA.jpg" },
{ name: "DMI INSIDER",                                             url: "DMI INSIDER.jpg" },
{ name: "DOTTORANDI SCIENZE CHIMICHE",                             url: "DOTTORANDI SCIENZE CHIMICHE.jpg" },
{ name: "EBLA",                                                    url: "EBLA.jpg" },
{ name: "ECONOMIA ATTIVA",                                         url: "ECONOMIA ATTIVA.jpg" },
{ name: "EUREKA",                                                  url: "EUREKA.jpg" },
{ name: "FUTURA SANITÀ",                                           url: "FUTURA SANITÀ.jpg" },
{ name: "GATTI FISICI",                                            url: "GATTI FISICI.jpg" },
{ name: "GIOVANI CIDEC",                                           url: "GIOVANI CIDEC.jpg" },
{ name: "GIOVANI CIDEC  ‐  LA FINESTRA",                           url: "GIOVANI CIDEC  ‐  LA FINESTRA.jpg" },
{ name: "GIURISTI UNICT",                                          url: "GIURISTI UNICT.jpg" },
{ name: "I LETTERATI DEL DISUM",                                   url: "I LETTERATI DEL DISUM.jpg" },
{ name: "IL FUTURO DELLA SCIENZA ‐ CONTROCAMPUS",                  url: "IL FUTURO DELLA SCIENZA ‐ CONTROCAMPUS.jpg" },
{ name: "IN CAMPO PER IL DISUM ‐ CONTROCAMPUS",                    url: "IN CAMPO PER IL DISUM ‐ CONTROCAMPUS.jpg" },
{ name: "INFERMIERISTICAMENTE",                                    url: "INFERMIERISTICAMENTE.jpg" },
{ name: "INFOLEX",                                                 url: "INFOLEX.jpg" },
{ name: "INFORMAZIONE",                                            url: "INFORMAZIONE.jpg" },
{ name: "INGEGNERIATTIVA",                                         url: "INGEGNERIATTIVA.jpg" },
{ name: "INSIEME",                                                 url: "INSIEME.jpg" },
{ name: "INSIEME PER IL DISUM",                                    url: "INSIEME PER IL DISUM.jpg" },
{ name: "IRIDE",                                                   url: "IRIDE.jpg" },
{ name: "KOINÈ ARCADIA",                                           url: "KOINÈ ARCADIA.jpg" },
{ name: "KOINÈ",                                                   url: "KOINÈ.jpg" },
{ name: "LA FINESTRA - ACTEA",                                     url: "LA FINESTRA - ACTEA.jpg" },
{ name: "LA FINESTRA ‐ KOINÈ",                                     url: "LA FINESTRA ‐ KOINÈ.jpg" },
{ name: "LA FINESTRA ‐ LIBERI DI SCEGLIERE",                       url: "LA FINESTRA ‐ LIBERI DI SCEGLIERE.jpg" },
{ name: "LAYOUT",                                                  url: "LAYOUT.jpg" },
{ name: "LEX",                                                     url: "LEX.jpg" },
{ name: "LIBERA UNIVERSITÀ",                                       url: "LIBERA UNIVERSITÀ.jpg" },
{ name: "LIBERTÀ È PARTECIPAZIONE",                                url: "LIBERTÀ È PARTECIPAZIONE.jpg" },
{ name: "LIBERTAS ‐ IRIDE",                                        url: "LIBERTAS ‐ IRIDE.jpg" },
{ name: "LIBERTAS",                                                url: "LIBERTAS.jpg" },
{ name: "LIBERTAS ‐ LIBERI E FORTI ‐ ARES",                        url: "LIBERTAS ‐ LIBERI E FORTI ‐ ARES.jpg" },
{ name: "LIBERTAS‐SANILAB",                                        url: "LIBERTAS‐SANILAB.jpg" },
{ name: "LINK ‐ STUDENTI INDIPENDENTI",                            url: "LINK ‐ STUDENTI INDIPENDENTI.jpg" },
{ name: "MEDICAMENTE",                                             url: "MEDICAMENTE.jpg" },
{ name: "MEGALIDEA",                                               url: "MEGALIDEA.jpg" },
{ name: "M.S.U. EVOLUTION",                                        url: "M.S.U. EVOLUTION.jpg" },
{ name: "NIKE ATTIVA",                                             url: "NIKE ATTIVA.jpg" },
{ name: "NIKE",                                                    url: "NIKE.jpg" },
{ name: "NOI",                                                     url: "NOI.jpg" },
{ name: "NO STRESS",                                               url: "NO STRESS.jpg" },
{ name: "NUCLEO ATTIVO",                                           url: "NUCLEO ATTIVO.jpg" },
{ name: "NUOVA GENERAZIONE",                                       url: "NUOVA GENERAZIONE.jpg" },
{ name: "NUOVA IBLA",                                              url: "NUOVA IBLA.jpg" },
{ name: "old LIBERTAS LIBERI E FORTI",                             url: "old LIBERTAS LIBERI E FORTI.jpg" },
{ name: "OLTRE",                                                   url: "OLTRE.jpg" },
{ name: "ORIZZONTE ITALIA",                                        url: "ORIZZONTE ITALIA.jpg" },
{ name: "PARTECIPA",                                               url: "PARTECIPA.jpg" },
{ name: "PARTITO DEMOCRATICO - LA FINESTRA - SI CAMBIA",           url: "PARTITO DEMOCRATICO - LA FINESTRA - SI CAMBIA.jpg" },
{ name: "PARTITO DEMOCRATICO - STUDENTI DEMOCRATICI",              url: "PARTITO DEMOCRATICO - STUDENTI DEMOCRATICI.jpg" },
{ name: "PCG ‐ PER CIÒ CHE È GIUSTO",                              url: "PCG ‐ PER CIÒ CHE È GIUSTO.jpg" },
{ name: "PHARMA",                                                  url: "PHARMA.jpg" },
{ name: "PHYSICS INSIDERS",                                        url: "PHYSICS INSIDERS.jpg" },
{ name: "POPOLARI E SOVRANISTI",                                   url: "POPOLARI E SOVRANISTI.jpg" },
{ name: "POPOLO DEGLI STUDENTI",                                   url: "POPOLO DEGLI STUDENTI.jpg" },
{ name: "PROGETTIAMO CIVILE",                                      url: "PROGETTIAMO CIVILE.jpg" },
{ name: "PROGETTO DEGLI UNIVERSITARI",                             url: "PROGETTO DEGLI UNIVERSITARI.jpg" },
{ name: "PROGETTO PER AGRARIA",                                    url: "PROGETTO PER AGRARIA.jpg" },
{ name: "PROGETTO PER ALIMENTARI",                                 url: "PROGETTO PER ALIMENTARI.jpg" },
{ name: "PROGETTO PER IL DI3A",                                    url: "PROGETTO PER IL DI3A.jpg" },
{ name: "REVOLUTION",                                              url: "REVOLUTION.jpg" },
{ name: "RIAVVIAMO AGRARIA",                                       url: "RIAVVIAMO AGRARIA.jpg" },
{ name: "RISE",                                                    url: "RISE.jpg" },
{ name: "SANILAB",                                                 url: "SANILAB.jpg" },
{ name: "SI! ‐ STUDENTI INDIPENDENTI",                             url: "SI! ‐ STUDENTI INDIPENDENTI.jpg" },
{ name: "SOCIAL",                                                  url: "SOCIAL.jpg" },
{ name: "SOGNO CIVILE",                                            url: "SOGNO CIVILE.jpg" },
{ name: "S.O.S. ERSU - ARCHÈ - UNIVERSITÀ POPOLARE",               url: "S.O.S. ERSU - ARCHÈ - UNIVERSITÀ POPOLARE.jpg" },
{ name: "SOS ERSU",                                                url: "SOS ERSU.jpg" },
{ name: "SPACE WINDOW",                                            url: "SPACE WINDOW.jpg" },
{ name: "STUDENTI DEMOCRATICI",                                    url: "STUDENTI DEMOCRATICI.jpg" },
{ name: "STUDENTI DI FILOSOFIA ‐ UNICT",                           url: "STUDENTI DI FILOSOFIA ‐ UNICT.jpg" },
{ name: "STUDENTI",                                                url: "STUDENTI.jpg" },
{ name: "STUDENTI PER LE LIBERTÀ",                                 url: "STUDENTI PER LE LIBERTÀ.jpg" },
{ name: "STUDENTI PER SCIENZE DELLA FORMAZIONE",                   url: "STUDENTI PER SCIENZE DELLA FORMAZIONE.jpg" },
{ name: "STUDENTI UNICT",                                          url: "STUDENTI UNICT.jpg" },
{ name: "SUPPORTO STUDENTI",                                       url: "SUPPORTO STUDENTI.jpg" },
{ name: "SVEGLIATI UNIVERSITÀ",                                    url: "SVEGLIATI UNIVERSITÀ.jpg" },
{ name: "UDU  ‐  UNIONE DEGLI UNIVERSITARI",                       url: "UDU  ‐  UNIONE DEGLI UNIVERSITARI.jpg" },
{ name: "UNI DISUM",                                               url: "UNI DISUM.jpg" },
{ name: "UNITI PER ARCHITETTURA",                                  url: "UNITI PER ARCHITETTURA.jpg" },
{ name: "UNITI PER I FUORI SEDE PER LE CASE DELLO STUDENTE-LISTA DIRITTO ALLO STUDIO", url: "UNITI PER I FUORI SEDE PER LE CASE DELLO STUDENTE-LISTA DIRITTO ALLO STUDIO.jpg" },
{ name: "UNIVERSITÀ POPOLARE",                                     url: "UNIVERSITÀ POPOLARE.jpg" },
{ name: "UnivErsu - NOI PER IL DIRITTO ALLO STUDIO",               url: "UnivErsu - NOI PER IL DIRITTO ALLO STUDIO.jpg" },
{ name: "UNYDEA",                                                  url: "UNYDEA.jpg" },
{ name: "VOLJA",                                                   url: "VOLJA.jpg" },
{ name: "WE LOVE UNICT",                                           url: "WE LOVE UNICT.jpg" },
